TABELA DE JOGOS;;;;;;;
DATA;HORÁRIO;MODALIDADE;LOCAL;JOGOS ;CONFRONTOS;;
sábado, 19 de setembro de 2026;09:00;ABERTURA COM GINCANAS;GINÁSIO;PROVA;TODAS AS EQUIPE;;
;10:30;FUTEBOL SOCIETY FEMININO;CAMPO DE SOCIETY;JOGO 01;AMARELO;X;VERDE
;11:30;FUTEBOL SOCIETY FEMININO;CAMPO DE SOCIETY;JOGO 02;VERMELHO;X;AZUL
;13:00;HANDEBOL FEMININO;GINÁSIO;JOGO 01;VERMELHO;X;VERDE
;13:00;VÔLEI DE AREIA FEMININO (QUARTETO);QUADRA DE AREIA;JOGO 01;VERDE;X;AMARELO
;13:30;CICLISMO (Montain bike);CIRCUITO DE TRILHA DO NÚCLEO;PROVA;TODAS AS EQUIPE;;
;14:00;HANDEBOL FEMININO;GINÁSIO;JOGO 02;AZUL;X;AMARELO
;14:00;VÔLEI DE AREIA FEMININO (QUARTETO);QUADRA DE AREIA;JOGO 02;AZUL;X;VERMELHO
;15:00;HANDEBOL MASCULINO;GINÁSIO;JOGO 01;AMARELO;X;AZUL
;15:00;VÔLEI DE AREIA FEMININO (QUARTETO);QUADRA DE AREIA;3º LUGAR;;;
;16:00;FUTEBOL MASCULINO CAMPO ACIMA 40 ANOS;CAMPO DE FUTEBOL / PISTA DE ATLETISMO;JOGO 01;AZUL;X;AMARELO
;16:00;HANDEBOL MASCULINO;GINÁSIO;JOGO 02;VERMELHO;X;VERDE
;16:00;PETECA FEMININO;QUADRA DE PETECA;JOGO 01;VERDE;X;AMARELO
;16:00;VÔLEI DE AREIA FEMININO (QUARTETO);QUADRA DE AREIA;FINAL;;;
;16:30;ATLETISMO 100 m RASOS FEMININO;CAMPO DE FUTEBOL / PISTA DE ATLETISMO;PROVA;TODAS AS EQUIPE;;
;16:30;ATLETISMO 100 m RASOS MASCULINO;CAMPO DE FUTEBOL / PISTA DE ATLETISMO;PROVA;TODAS AS EQUIPE;;
;16:30;ATLETISMO 4 X 100m FEMININO;CAMPO DE FUTEBOL / PISTA DE ATLETISMO;PROVA;TODAS AS EQUIPE;;
;16:30;ATLETISMO 4 X 100m MASCULINO;CAMPO DE FUTEBOL / PISTA DE ATLETISMO;PROVA;TODAS AS EQUIPE;;
;16:30;ATLETISMO 400m FEMININO;CAMPO DE FUTEBOL / PISTA DE ATLETISMO;PROVA;TODAS AS EQUIPE;;
;16:30;ATLETISMO 400m MASCULINO;CAMPO DE FUTEBOL / PISTA DE ATLETISMO;PROVA;TODAS AS EQUIPE;;
;16:30;PETECA FEMININO;QUADRA DE PETECA;JOGO 02;VERMELHO;X;AZUL
;17:00;HANDEBOL FEMININO;GINÁSIO;3º LUGAR;;;
;17:00;PETECA MASCULINO;QUADRA DE PETECA;JOGO 01;VERMELHO;X;AMARELO
;17:00;VÔLEI DE AREIA MASCULINO (QUARTETO);QUADRA DE AREIA;JOGO 01;AZUL;X;AMARELO
;17:30;PETECA MASCULINO;QUADRA DE PETECA;JOGO 02;VERDE;X;AZUL
;18:00;FUTEBOL SOCIETY MASCULINO ATÉ 39 ANOS;CAMPO DE SOCIETY;JOGO 01;AZUL;X;AMARELO
;18:00;HANDEBOL FEMININO;GINÁSIO;FINAL;;;
;18:00;PETECA FEMININO;QUADRA DE PETECA;3º LUGAR;;;
;18:00;VÔLEI DE AREIA MASCULINO (QUARTETO);QUADRA DE AREIA;JOGO 02;VERMELHO;X;VERDE
;18:30;PETECA FEMININO;QUADRA DE PETECA;FINAL;;;
;19:00;FUTEBOL SOCIETY MASCULINO ATÉ 39 ANOS;CAMPO DE SOCIETY;JOGO 02;VERMELHO;X;VERDE
;19:00;HANDEBOL MASCULINO;GINÁSIO;3º LUGAR;;;
;19:00;PETECA MASCULINO;QUADRA DE PETECA;3º LUGAR;;;
;19:00;VÔLEI DE AREIA MASCULINO (QUARTETO);QUADRA DE AREIA;3º LUGAR;;;
;19:30;PETECA MASCULINO;QUADRA DE PETECA;FINAL;;;
;20:00;HANDEBOL MASCULINO;GINÁSIO;FINAL;;;
;20:00;VÔLEI DE AREIA MASCULINO (QUARTETO);QUADRA DE AREIA;FINAL;;;
domingo, 20 de setembro de 2026;08:00;VÔLEI DE QUADRA FEMININO;GINÁSIO;JOGO 01;AZUL;X;AMARELO
;09:00;BEACH TÊNIS FEMININO;QUADRA DE AREIA;JOGO 01;VERDE;X;AZUL
;09:00;BEACH TÊNIS FEMININO;QUADRA DE AREIA;JOGO 02;AMARELO;X;VERMELHO
;09:00;FUTEBOL MASCULINO CAMPO ACIMA 40 ANOS;CAMPO DE FUTEBOL / PISTA DE ATLETISMO;JOGO 02;VERDE;X;VERMELHO
;09:00;VÔLEI DE QUADRA FEMININO;GINÁSIO;JOGO 02;VERDE;X;VERMELHO
;10:00;BEACH TÊNIS MASCULINO;QUADRA DE AREIA;JOGO 01;VERMELHO;X;AMARELO
;10:00;BEACH TÊNIS MASCULINO;QUADRA DE AREIA;JOGO 02;VERDE;X;AZUL
;10:00;VÔLEI DE QUADRA MASCULINO;GINÁSIO;JOGO 01;VERDE;X;VERMELHO
;11:00;BEACH TÊNIS MISTO;QUADRA DE AREIA;JOGO 01;VERMELHO;X;VERDE
;11:00;BEACH TÊNIS MISTO;QUADRA DE AREIA;JOGO 02;AZUL;X;AMARELO
;11:00;VÔLEI DE QUADRA MASCULINO;GINÁSIO;JOGO 02;AMARELO;X;AZUL
;12:00;VÔLEI DE QUADRA FEMININO;GINÁSIO;3º LUGAR;;;
;13:00;BEACH TÊNIS FEMININO;QUADRA DE AREIA;3º LUGAR;;;
;13:00;BEACH TÊNIS MASCULINO;QUADRA DE AREIA;3º LUGAR;;;
;14:00;BEACH TÊNIS MISTO;QUADRA DE AREIA;3º LUGAR;;;
;14:00;BEACH TÊNIS MISTO;QUADRA DE AREIA;FINAL;;;
;14:00;VÔLEI DE QUADRA MASCULINO;GINÁSIO;3º LUGAR;;;
;15:00;BEACH TÊNIS FEMININO;QUADRA DE AREIA;FINAL;;;
;15:00;BEACH TÊNIS MASCULINO;QUADRA DE AREIA;FINAL;;;
;16:00;FUTSAL MASCULINO;GINÁSIO;JOGO 01;VERDE;X;AMARELO
;17:00;BASQUETE (TRIO) MASCULINO;QUADRA EXTERNA;JOGO 01;VERMELHO;X;AMARELO
;17:00;FUTSAL MASCULINO;GINÁSIO;JOGO 02;AZUL;X;VERMELHO
;17:30;BASQUETE (TRIO) MASCULINO;QUADRA EXTERNA;JOGO 02;AZUL;X;VERDE
;18:00;BASQUETE (TRIO) MASCULINO;QUADRA EXTERNA;3º LUGAR;;;
;18:00;FUTSAL FEMININO;GINÁSIO;JOGO 01;AZUL;X;VERMELHO
;18:30;BASQUETE (TRIO) MASCULINO;QUADRA EXTERNA;FINAL;;;
;19:00;FUTSAL FEMININO;GINÁSIO;JOGO 02;VERDE;X;AMARELO
sábado, 26 de setembro de 2026;08:00;TENIS DE QUADRA FEMININO;QUADRA DE TÊNIS;JOGO 01;VERDE;X;AZUL
;08:00;TENIS DE QUADRA MASCULINO;QUADRA DE TÊNIS;JOGO 01;AMARELO;X;VERDE
;09:00;NATAÇÃO 25 m RASOS FEMININO;PISCINA;PROVA;TODAS AS EQUIPE;;
;09:00;NATAÇÃO 25 m RASOS MASCULINO;PISCINA;PROVA;TODAS AS EQUIPE;;
;09:00;NATAÇÃO 4 X 25 m MISTO;PISCINA;PROVA;TODAS AS EQUIPE;;
;09:00;NATAÇÃO 50 m RASOS FEMININO;PISCINA;PROVA;TODAS AS EQUIPE;;
;09:00;NATAÇÃO 50 m RASOS MASCULINO;PISCINA;PROVA;TODAS AS EQUIPE;;
;09:00;TENIS DE QUADRA FEMININO;QUADRA DE TÊNIS;JOGO 02;AMARELO;X;VERMELHO
;09:00;TENIS DE QUADRA MASCULINO;QUADRA DE TÊNIS;JOGO 02;AZUL;X;VERMELHO
;09:00;VIDEO GAME FEMININO E MASCULINO;SALÃO DE EVENTOS - PISO SUPERIOR;JOGO 01;VERDE;X;AZUL
;09:00;VIDEO GAME FEMININO E MASCULINO;SALÃO DE EVENTOS - PISO SUPERIOR;JOGO 02;VERMELHO;X;AMARELO
;09:00;VIDEO GAME FEMININO E MASCULINO;SALÃO DE EVENTOS - PISO SUPERIOR;3º LUGAR;;;
;09:00;VIDEO GAME FEMININO E MASCULINO;SALÃO DE EVENTOS - PISO SUPERIOR;FINAL;;;
;09:00;XADREZ (LIVRE);SALA DE REUNIÕES -2º ANDAR;JOGO 01;VERDE;X;AZUL
;09:00;XADREZ (LIVRE);SALA DE REUNIÕES -2º ANDAR;JOGO 02;AMARELO;X;VERMELHO
;09:30;FUTEBOL MASCULINO CAMPO ACIMA 40 ANOS;CAMPO DE FUTEBOL / PISTA DE ATLETISMO;3º LUGAR;;;
;09:30;FUTEBOL SOCIETY FEMININO;CAMPO DE SOCIETY;3º LUGAR;;;
;10:00;TENIS DE QUADRA FEMININO;QUADRA DE TÊNIS;3º LUGAR;;;
;10:00;TENIS DE QUADRA MASCULINO;QUADRA DE TÊNIS;3º LUGAR;;;
;10:00;XADREZ (LIVRE);SALA DE REUNIÕES -2º ANDAR;3º LUGAR;;;
;10:00;XADREZ (LIVRE);SALA DE REUNIÕES -2º ANDAR;FINAL;;;
;10:30;FUTEBOL SOCIETY FEMININO;CAMPO DE SOCIETY;FINAL;;;
;11:00;TENIS DE QUADRA FEMININO;QUADRA DE TÊNIS;FINAL;;;
;11:00;TENIS DE QUADRA MASCULINO;QUADRA DE TÊNIS;FINAL;;;
;13:00;DAMA (LIVRE);HALL DE ENTRADA DO DEC;JOGO 01;VERMELHO;X;VERDE
;13:00;DAMA (LIVRE);HALL DE ENTRADA DO DEC;JOGO 02;AZUL;X;AMARELO
;13:00;FUTEVÔLEI FEMININO;QUADRA DE AREIA;JOGO 01;VERDE;X;AZUL
;13:00;SINUCA DUPLA FEMININO;HALL DE ENTRADA DO DEC;JOGO 01;AMARELO;X;VERDE
;13:00;SINUCA DUPLA FEMININO;HALL DE ENTRADA DO DEC;JOGO 02;VERMELHO;X;AZUL
;13:00;TENIS DE MESA FEMININO;HALL DE ENTRADA DO DEC;JOGO 01;AMARELO;X;VERDE
;13:00;TENIS DE MESA FEMININO;HALL DE ENTRADA DO DEC;JOGO 02;VERMELHO;X;AZUL
;13:30;FUTEVÔLEI FEMININO;QUADRA DE AREIA;JOGO 02;VERMELHO;X;AMARELO
;14:00;DAMA (LIVRE);HALL DE ENTRADA DO DEC;3º LUGAR;;;
;14:00;DAMA (LIVRE);HALL DE ENTRADA DO DEC;FINAL;;;
;14:00;DOMINÓ DUPLA (LIVRE);HALL DE ENTRADA DO DEC;JOGO 01;AZUL;X;VERMELHO
;14:00;DOMINÓ DUPLA (LIVRE);HALL DE ENTRADA DO DEC;JOGO 02;VERDE;X;AMARELO
;14:00;FUTEVÔLEI FEMININO;QUADRA DE AREIA;3º LUGAR;;;
;14:00;SINUCA DUPLA MASCULINO;HALL DE ENTRADA DO DEC;JOGO 01;AZUL;X;AMARELO
;14:00;SINUCA DUPLA MASCULINO;HALL DE ENTRADA DO DEC;JOGO 02;VERMELHO;X;VERDE
;14:00;TENIS DE MESA MASCULINO;HALL DE ENTRADA DO DEC;JOGO 01;AZUL;X;VERMELHO
;14:00;TENIS DE MESA MASCULINO;HALL DE ENTRADA DO DEC;JOGO 02;VERDE;X;AMARELO
;14:30;FUTEVÔLEI FEMININO;QUADRA DE AREIA;FINAL;;;
;15:00;DOMINÓ DUPLA (LIVRE);HALL DE ENTRADA DO DEC;3º LUGAR;;;
;15:00;DOMINÓ DUPLA (LIVRE);HALL DE ENTRADA DO DEC;FINAL;;;
;15:00;FUTEVÔLEI MASCULINO;QUADRA DE AREIA;JOGO 01;AMARELO;X;VERDE
;15:00;FUTSAL FEMININO;GINÁSIO;3º LUGAR;;;
;15:00;SINUCA DUPLA FEMININO;HALL DE ENTRADA DO DEC;3º LUGAR;;;
;15:00;SINUCA DUPLA FEMININO;HALL DE ENTRADA DO DEC;FINAL;;;
;15:00;TENIS DE MESA FEMININO;HALL DE ENTRADA DO DEC;3º LUGAR;;;
;15:00;TENIS DE MESA FEMININO;HALL DE ENTRADA DO DEC;FINAL;;;
;15:00;TENIS DE QUADRA MISTO DUPLA;QUADRA DE TÊNIS;JOGO 01;VERMELHO;X;VERDE
;15:00;TRUCO (mas);HALL DE ENTRADA DO DEC;JOGO 01;AZUL;X;VERDE
;15:00;TRUCO (mas);HALL DE ENTRADA DO DEC;JOGO 02;AMARELO;X;VERMELHO
;15:30;FUTEVÔLEI MASCULINO;QUADRA DE AREIA;JOGO 02;VERMELHO;X;AZUL
;16:00;FUTEVÔLEI MASCULINO;QUADRA DE AREIA;3º LUGAR;;;
;16:00;FUTSAL FEMININO;GINÁSIO;FINAL;;;
;16:00;SINUCA DUPLA MASCULINO;HALL DE ENTRADA DO DEC;3º LUGAR;;;
;16:00;SINUCA DUPLA MASCULINO;HALL DE ENTRADA DO DEC;FINAL;;;
;16:00;TENIS DE MESA MASCULINO;HALL DE ENTRADA DO DEC;3º LUGAR;;;
;16:00;TENIS DE MESA MASCULINO;HALL DE ENTRADA DO DEC;FINAL;;;
;16:00;TENIS DE QUADRA MISTO DUPLA;QUADRA DE TÊNIS;JOGO 02;AMARELO;X;AZUL
;16:00;TRUCO (mas);HALL DE ENTRADA DO DEC;3º LUGAR;;;
;16:00;TRUCO (mas);HALL DE ENTRADA DO DEC;FINAL;;;
;16:30;FUTEVÔLEI MASCULINO;QUADRA DE AREIA;FINAL;;;
;17:00;BASQUETE (TRIO) FEMININO;QUADRA EXTERNA;JOGO 01;AMARELO;X;AZUL
;17:00;FUTSAL MASCULINO;GINÁSIO;3º LUGAR;;;
;17:00;SINUCA INDIVIDUAL FEMININO;HALL DE ENTRADA DO DEC;JOGO 01;AMARELO;X;VERMELHO
;17:00;SINUCA INDIVIDUAL FEMININO;HALL DE ENTRADA DO DEC;JOGO 02;VERDE;X;AZUL
;17:00;TENIS DE QUADRA MISTO DUPLA;QUADRA DE TÊNIS;3º LUGAR;;;
;17:00;TRUCO (fem);HALL DE ENTRADA DO DEC;JOGO 01;VERMELHO;X;AZUL
;17:00;TRUCO (fem);HALL DE ENTRADA DO DEC;JOGO 02;VERDE;X;AMARELO
;17:30;BASQUETE (TRIO) FEMININO;QUADRA EXTERNA;JOGO 02;VERMELHO;X;VERDE
;18:00;BASQUETE (TRIO) FEMININO;QUADRA EXTERNA;3º LUGAR;;;
;18:00;FUTSAL MASCULINO;GINÁSIO;FINAL;;;
;18:00;SINUCA INDIVIDUAL FEMININO;HALL DE ENTRADA DO DEC;3º LUGAR;;;
;18:00;SINUCA INDIVIDUAL FEMININO;HALL DE ENTRADA DO DEC;FINAL;;;
;18:00;TENIS DE QUADRA MISTO DUPLA;QUADRA DE TÊNIS;FINAL;;;
;18:00;TRUCO (fem);HALL DE ENTRADA DO DEC;3º LUGAR;;;
;18:00;TRUCO (fem);HALL DE ENTRADA DO DEC;FINAL;;;
;18:30;BASQUETE (TRIO) FEMININO;QUADRA EXTERNA;FINAL;;;
;19:00;SINUCA INDIVIDUAL MASCULINO;HALL DE ENTRADA DO DEC;JOGO 01;VERDE;X;AMARELO
;19:00;SINUCA INDIVIDUAL MASCULINO;HALL DE ENTRADA DO DEC;JOGO 02;AZUL;X;VERMELHO
;20:00;SINUCA INDIVIDUAL MASCULINO;HALL DE ENTRADA DO DEC;3º LUGAR;;;
;20:00;SINUCA INDIVIDUAL MASCULINO;HALL DE ENTRADA DO DEC;FINAL;;;
domingo, 27 de setembro de 2026;08:00;CORRIDA DE RUA (LIVRE);RUA ;PROVA;TODAS AS EQUIPE;;
;09:00;FUTEBOL MASCULINO CAMPO ACIMA 40 ANOS;CAMPO DE FUTEBOL / PISTA DE ATLETISMO;FINAL;;;
;09:30;VÔLEI DE QUADRA FEMININO;GINÁSIO;FINAL;;;
;10:30;VÔLEI DE QUADRA MASCULINO;GINÁSIO;FINAL;;;
;11:30;FUTEBOL SOCIETY MASCULINO ATÉ 39 ANOS;CAMPO DE SOCIETY;3º LUGAR;;;
;12:30;FUTEBOL SOCIETY MASCULINO ATÉ 39 ANOS;CAMPO DE SOCIETY;FINAL;;;
